BusID,EENS_MWh_yr
1,5951.287515661
2,5587.05656442999
3,8584.89973816612
4,5393.7173637829
5,5373.90357690115
6,25233.6181121343
7,1268.80093270362
8,6983.65942095718
9,7296.94972774491
10,7596.94099222887
11,0
12,0
13,6453.46892829742
14,7661.96368602162
15,9771.02956755533
16,5488.90052699468
17,0
18,9369.0235209587
19,6728.66875386066
20,5686.81723178024
21,0
22,0
23,0
24,0
