BusID,EENS_MWh_yr
1,169.9887135525
2,155.461951417864
3,274.064699832116
4,131.004040723057
5,127.639386707753
6,325.152001140444
7,135.2593715672
8,248.79861990299
9,255.486706803776
10,279.928497595957
11,0
12,0
13,339.35103614251
14,279.923271968308
15,433.752197491822
16,161.399025076899
17,0
18,499.702341071322
19,257.467356738135
20,192.48879082988
21,0
22,0
23,0
24,0
